ProjectName,libraries
921kiyo.csv,{'keras'}
ad12.csv,{'keras'}
advaitsave.csv,{'tensorflow'}
AFAgarap.csv,{'keras'}
agiletechvn.csv,{'keras'}
aimagelab.csv,{'torch'}
aldro61.csv,{'sklearn'}
alecwangcq.csv,{'torch'}
AlenK123.csv,{'keras'}
alexander-rakhlin.csv,{'keras'}
AlexEMG.csv,{'torch'}
alexjc.csv,{'torch'}
Alireza-Akhavan.csv,"{'keras', 'tensorflow'}"
AllenCellModeling.csv,{'torch'}
amansrivastava17.csv,{'keras'}
amineHorseman.csv,{'tensorflow'}
anastasios-stamoulis.csv,{'keras'}
Angzz.csv,{'mxnet'}
ankur219.csv,{'keras'}
Anmol-Singh-Jaggi.csv,{'sklearn'}
annusgit.csv,{'torch'}
AntiAegis.csv,{'torch'}
Anurag14.csv,{'keras'}
apacha.csv,{'tensorflow'}
appinho.csv,{'keras'}
apple.csv,"{'xgboost', 'tensorflow'}"
aqlaboratory.csv,{'tensorflow'}
araffin.csv,{'torch'}
ardamavi.csv,{'keras'}
arunponnusamy.csv,{'keras'}
astorfi.csv,{'torch'}
astrazeneca-cgr-publications.csv,{'keras'}
atomistic-machine-learning.csv,{'torch'}
atulapra.csv,{'tensorflow'}
autonomio.csv,{'sklearn'}
AVAuco.csv,{'keras'}
aws-samples.csv,{'tensorflow'}
Azure.csv,"{'keras', 'sklearn'}"
BaderLab.csv,{'keras'}
Barqawiz.csv,{'tensorflow'}
bbfamily.csv,{'sklearn'}
BBVA.csv,{'sklearn'}
becauseofAI.csv,"{'mxnet', 'sklearn'}"
bedapudi6788.csv,{'tensorflow'}
BenWhetton.csv,{'tensorflow'}
BerkeleyAutomation.csv,{'tensorpack'}
berkgulay.csv,{'keras'}
BingyaoHuang.csv,{'torch'}
binny-mathew.csv,{'sklearn'}
blackeagle01.csv,{'keras'}
BloodAxe.csv,{'torch'}
braincreators.csv,{'torch'}
brainiak.csv,{'sklearn'}
breeko.csv,{'keras'}
bsamseth.csv,{'tensorflow'}
Cadene.csv,{'torch'}
CAMeL-Lab.csv,"{'transformers', 'torch'}"
celarex.csv,{'tensorflow'}
cenkcorapci.csv,{'keras'}
cgnorthcutt.csv,{'keras'}
ChenRocks.csv,{'torch'}
ChihebTrabelsi.csv,{'keras'}
chihkuanyeh.csv,{'tensorflow'}
chnsh.csv,"{'keras', 'tensorflow'}"
cjekel.csv,{'tensorflow'}
ClarityCafe.csv,{'tensorflow'}
clarkerubber.csv,{'keras'}
cleardusk.csv,{'torch'}
Cloud-CV.csv,{'torch'}
clovaai.csv,{'torch'}
cmhungsteve.csv,{'torch'}
CODAIT.csv,{'tensorflow'}
cognibit.csv,"{'sklearn', 'tensorflow'}"
cosanlab.csv,{'sklearn'}
cpmpercussion.csv,{'tensorflow'}
CryoliteZ.csv,{'keras'}
CSAILVision.csv,{'torch'}
cvlab-tohoku.csv,{'torch'}
CyberZHG.csv,{'tensorflow'}
cyschneck.csv,{'sklearn'}
dabasajay.csv,{'keras'}
datarobot.csv,{'keras'}
dbiir.csv,{'torch'}
deep-fingerprinting.csv,{'keras'}
deepchem.csv,"{'torch', 'deepchem'}"
deepdiy.csv,"{'keras', 'tensorflow'}"
deepfakes.csv,{'tensorflow'}
DeepTrial.csv,{'keras'}
DeFacto.csv,{'sklearn'}
Desklop.csv,{'tensorflow'}
DistrictDataLabs.csv,{'sklearn'}
djpetti.csv,{'tensorflow'}
dlebech.csv,{'tensorflow'}
dmlc.csv,{'tensorflow'}
domainadaptation.csv,{'torch'}
dougsm.csv,{'tensorflow'}
driemworks.csv,{'sklearn'}
drivendataorg.csv,{'torch'}
ducha-aiki.csv,{'torch'}
duxuhao.csv,{'lightgbm'}
dymaxionlabs.csv,{'keras'}
eatsleepraverepeat.csv,{'keras'}
eellak.csv,{'tensorflow'}
Ekim-Yurtsever.csv,{'keras'}
eladhoffer.csv,{'torch'}
Epistimio.csv,{'sklearn'}
Erotemic.csv,{'torch'}
esowc.csv,{'sklearn'}
evhart.csv,{'tensorflow'}
experiencor.csv,{'keras'}
explosion.csv,{'tensorflow'}
fabvio.csv,{'torch'}
facebookresearch.csv,{'torch'}
FlashTek.csv,{'keras'}
foamliu.csv,{'keras'}
Fournierp.csv,{'tensorflow'}
FrancescoSaverioZuppichini.csv,{'torch'}
gabrielspmoreira.csv,{'tensorflow'}
GalDude33.csv,{'keras'}
GantMan.csv,"{'keras', 'tensorflow'}"
gautam678.csv,{'keras'}
gentaiscool.csv,{'keras'}
GilesStrong.csv,{'sklearn'}
GKalliatakis.csv,{'keras'}
gongzhitaao.csv,{'tensorflow'}
google-research.csv,{'tensorflow'}
graykode.csv,{'torch'}
greenelab.csv,{'keras'}
Ha0Tang.csv,{'keras'}
hankcs.csv,"{'torch', 'tensorflow'}"
haqishen.csv,{'torch'}
harish2704.csv,"{'keras', 'tensorflow'}"
harshbg.csv,{'tensorflow'}
HazyResearch.csv,"{'torch', 'snorkel'}"
HealthCatalyst.csv,{'sklearn'}
hepesu.csv,{'keras'}
Hironsan.csv,{'keras'}
hls-fpga-machine-learning.csv,{'tensorflow'}
HMS-IDAC.csv,{'sklearn'}
Hoiy.csv,{'tensorflow'}
Hourout.csv,{'lightgbm'}
howl-anderson.csv,{'tensorflow'}
hsm207.csv,{'tensorflow'}
huckiyang.csv,{'keras'}
huggingface.csv,{'torch'}
huseinzol05.csv,{'tensorflow'}
HYU-AILAB.csv,{'tensorflow'}
ialhashim.csv,"{'torch', 'tensorflow'}"
IBM.csv,{'tensorflow'}
IDKiro.csv,{'torch'}
imito.csv,{'sklearn'}
IntelAI.csv,{'tensorflow'}
inuinana.csv,{'keras'}
ITE-5th.csv,{'torch'}
IXarea.csv,{'tensorflow'}
jacobgil.csv,{'tensorflow'}
jadore801120.csv,{'torch'}
james4388.csv,{'keras'}
jaredwinick.csv,{'tensorflow'}
JayYip.csv,{'tensorflow'}
jcreinhold.csv,{'torch'}
JdeRobot.csv,{'keras'}
jgraving.csv,{'sklearn'}
jhu-lcsr.csv,"{'keras', 'tensorflow'}"
jiegzhan.csv,{'keras'}
jimmy60504.csv,{'tensorflow'}
jimmyyhwu.csv,{'torch'}
jiwoon-ahn.csv,{'torch'}
jolibrain.csv,{'torch'}
jtourille.csv,{'torch'}
JustinGOSSES.csv,{'sklearn'}
justusschock.csv,{'torch'}
jymsuper.csv,{'torch'}
kalviny.csv,{'torch'}
kenmaz.csv,{'keras'}
kenshohara.csv,{'torch'}
keums.csv,{'keras'}
kjaisingh.csv,{'keras'}
knime.csv,{'tensorflow'}
kotritrona.csv,{'tensorflow'}
Koziev.csv,"{'torch', 'tensorflow'}"
krrish94.csv,{'torch'}
kundajelab.csv,{'sklearn'}
KushagraChauhan.csv,{'keras'}
kwonmha.csv,{'keras'}
kymatio.csv,"{'torch', 'sklearn'}"
lanpa.csv,{'chainer'}
lazybootsafe.csv,{'torch'}
leemengtaiwan.csv,{'tensorflow'}
leftthomas.csv,{'torch'}
leon-ai.csv,{'torch'}
leoxiaobin.csv,{'torch'}
linbo0518.csv,{'mxnet'}
lonePatient.csv,{'keras'}
Lsdefine.csv,{'tensorflow'}
lucasxlu.csv,{'sklearn'}
ma-zhiyuan.csv,"{'xgboost', 'sklearn'}"
maciejczyzewski.csv,{'keras'}
maelfabien.csv,{'tensorflow'}
mafda.csv,{'tensorflow'}
makcedward.csv,"{'transformers', 'torch'}"
mapbox.csv,{'torch'}
marl.csv,{'tensorflow'}
Mavengers.csv,{'tensorflow'}
MaybeShewill-CV.csv,{'tensorflow'}
mdangschat.csv,{'tensorflow'}
michalfaber.csv,{'keras'}
microsoft.csv,{'tensorflow'}
MillionIntegrals.csv,{'torch'}
MIPT-Oulu.csv,"{'torch', 'sklearn'}"
miroozyx.csv,{'keras'}
mlflow.csv,"{'transformers', 'catboost', 'sklearn', 'sktime', 'tensorflow'}"
mohammaduzair9.csv,{'keras'}
mohammed-elkomy.csv,{'tensorflow'}
Morphl-AI.csv,{'keras'}
mratsim.csv,{'sklearn'}
mravanelli.csv,{'torch'}
MrEliptik.csv,{'tensorflow'}
mseitzer.csv,{'torch'}
msmbuilder.csv,{'sklearn'}
muneebaadil.csv,{'keras'}
MVIG-SJTU.csv,{'torch'}
MycroftAI.csv,{'tensorflow'}
N2ITN.csv,{'tensorflow'}
namisan.csv,"{'mt_dnn', 'torch'}"
nanoporetech.csv,{'tensorflow'}
Narsil.csv,{'keras'}
nearthlab.csv,"{'keras', 'tensorflow'}"
Neerajj9.csv,{'keras'}
neka-nat.csv,{'tensorflow'}
neo-ai.csv,"{'mxnet', 'tensorflow'}"
NervanaSystems.csv,{'torch'}
NickleDave.csv,{'keras'}
nicola-decao.csv,{'torch'}
NikhilCodes.csv,{'tensorflow'}
nikicc.csv,{'keras'}
nimeshabuddhika.csv,"{'sklearn', 'tensorflow'}"
nok.csv,{'sklearn'}
npatta01.csv,{'fastai'}
npuichigo.csv,"{'sklearn', 'tensorflow'}"
NRCan.csv,{'torch'}
nrontsis.csv,{'tensorflow'}
NVlabs.csv,{'torch'}
nyukat.csv,{'torch'}
Octavian-ai.csv,{'tensorflow'}
okfn-brasil.csv,{'sklearn'}
omar178.csv,{'keras'}
oscarknagg.csv,{'keras'}
oswaldoludwig.csv,{'keras'}
otenim.csv,{'keras'}
PacktPublishing.csv,{'tensorflow'}
PaddlePaddle.csv,{'torch'}
pailabteam.csv,{'sklearn'}
paintception.csv,{'keras'}
pbiecek.csv,"{'h2o', 'xgboost'}"
perslev.csv,{'tensorflow'}
pFindStudio.csv,{'tensorflow'}
philipperemy.csv,{'tensorflow'}
pierluigiferrari.csv,{'keras'}
podgorskiy.csv,{'torch'}
PPPW.csv,{'keras'}
prateeksawhney97.csv,{'keras'}
pshkrh.csv,{'fastai'}
psipred.csv,{'torch'}
pulp-platform.csv,{'torch'}
pyannote.csv,{'torch'}
pymc-learn.csv,{'sklearn'}
pyro-ppl.csv,{'torch'}
Pyrofoux.csv,{'tensorflow'}
PythonCharmers.csv,{'sklearn'}
quadflor.csv,{'sklearn'}
r9y9.csv,{'torch'}
rafellerc.csv,{'torch'}
rafjaa.csv,{'sklearn'}
raviolli77.csv,{'sklearn'}
rohanpillai20.csv,{'keras'}
RomanovMikeV.csv,{'torch'}
rshrc.csv,{'sklearn'}
rwightman.csv,"{'torch', 'mxnet'}"
rykov8.csv,{'tensorflow'}
samanyougarg.csv,{'tensorflow'}
santi-pdp.csv,{'torch'}
satinder147.csv,{'keras'}
scikit-optimize.csv,{'sklearn'}
ScottfreeLLC.csv,{'sklearn'}
SeanLee97.csv,{'sklearn'}
sebp.csv,{'sklearn'}
sedflix.csv,{'keras'}
seed-fe.csv,{'keras'}
SeldonIO.csv,"{'lightgbm', 'keras', 'sklearn', 'xgboost', 'tensorflow', 'h2o'}"
seongahjo.csv,{'keras'}
serengil.csv,{'tensorflow'}
sethuiyer.csv,{'tensorflow'}
shadow-robot.csv,{'tensorflow'}
sharavsambuu.csv,{'tensorflow'}
shibing624.csv,{'transformers'}
ShreyAmbesh.csv,{'tensorflow'}
silburt.csv,{'keras'}
simonfqy.csv,"{'deepchem', 'tensorflow'}"
SINTEF.csv,{'tensorflow'}
skjerns.csv,{'keras'}
SleyAI.csv,{'torch'}
slundberg.csv,{'sklearn'}
songhengyang.csv,{'tensorflow'}
SparshaSaha.csv,{'tensorflow'}
srihari-humbarwadi.csv,{'tensorflow'}
sshleifer.csv,{'tensorflow'}
Stable-Baselines-Team.csv,{'stable_baselines'}
stanfordnlp.csv,{'torch'}
stevexyz.csv,{'keras'}
stomioka.csv,{'tensorflow'}
subodh-malgonde.csv,{'keras'}
tasoc.csv,{'sklearn'}
tdeboissiere.csv,{'torch'}
ternaus.csv,{'torch'}
tevora-threat.csv,{'tensorflow'}
tfunck.csv,{'keras'}
thomaskuestner.csv,{'tensorflow'}
thushv89.csv,{'tensorflow'}
Tian312.csv,{'libsvm'}
Tiiiger.csv,{'torch'}
timothyyu.csv,"{'torch', 'keras', 'sklearn'}"
titu1994.csv,{'keras'}
tlatkowski.csv,{'keras'}
tobybreckon.csv,{'tflearn'}
TrainingByPackt.csv,{'keras'}
ttgump.csv,{'tensorflow'}
Twonki.csv,{'tensorflow'}
ucloud.csv,"{'xgboost', 'keras', 'tensorflow'}"
ultralytics.csv,{'tensorflow'}
Unity-Technologies.csv,{'stable_baselines'}
uptake.csv,{'fastai'}
urigoren.csv,{'sklearn'}
vergeml.csv,{'keras'}
vgtomahawk.csv,{'keras'}
viraja1.csv,{'tensorflow'}
vliu15.csv,{'torch'}
VowpalWabbit.csv,{'sklearn'}
voxelmorph.csv,{'tensorflow'}
vshantam.csv,{'keras'}
WindQAQ.csv,{'tensorflow'}
wmylxmj.csv,{'keras'}
X-DataInitiative.csv,{'sklearn'}
xiadingZ.csv,{'torch'}
xvjiarui.csv,{'torch'}
XXXalice.csv,{'tensorflow'}
yassineAlouini.csv,{'keras'}
ydixon.csv,{'torch'}
YerevaNN.csv,{'tensorflow'}
yongxuUSTC.csv,{'keras'}
yongzhuo.csv,{'tensorflow'}
ypwhs.csv,{'tensorflow'}
yselivonchyk.csv,{'tensorflow'}
YuliangXiu.csv,{'torch'}
YunYang1994.csv,{'tensorflow'}
Z-Zheng.csv,{'torch'}
zake7749.csv,"{'keras', 'sklearn'}"
zhaipro.csv,{'keras'}
zhouyanasd.csv,{'sklearn'}
zixuanweeei.csv,{'tensorflow'}
zlsh80826.csv,{'tensorflow'}
zukako0930.csv,{'tensorflow'}
zvtvz.csv,{'sklearn'}
zwx8981.csv,{'torch'}
aisolab.csv,{'torch'}
1989Ryan.csv,"{'keras', 'tensorflow'}"
autorope.csv,{'tensorflow'}
black0017.csv,{'torch'}
Calamari-OCR.csv,{'tensorflow'}
calico.csv,{'tensorflow'}
ClementPinard.csv,{'torch'}
fizyr.csv,{'tensorflow'}
hasanirtiza.csv,{'torch'}
hunglc007.csv,{'tensorflow'}
hysts.csv,{'torch'}
idealo.csv,{'tensorflow'}
iskandr.csv,{'sklearn'}
jantic.csv,{'fastai'}
joe-siyuan-qiao.csv,{'torch'}
kerlomz.csv,{'tensorflow'}
kipoi.csv,{'sklearn'}
kwotsin.csv,{'torch'}
LiberAI.csv,{'torch'}
LoSealL.csv,{'torch'}
machine-learning-apps.csv,{'sklearn'}
magenta.csv,{'tensorflow'}
MegviiDetection.csv,{'torch'}
mittagessen.csv,{'torch'}
mlperf.csv,"{'torch', 'tensorflow'}"
mpariente.csv,{'torch'}
MrGiovanni.csv,{'tensorflow'}
osmr.csv,"{'torch', 'keras', 'mxnet', 'tensorflow'}"
priya-dwivedi.csv,"{'torch', 'keras', 'sklearn', 'tensorflow'}"
sergionr2.csv,{'torch'}
SpursLipu.csv,{'torch'}
Tianxiaomo.csv,{'torch'}
tianzhi0549.csv,{'torch'}
tristandeleu.csv,{'torch'}
urduhack.csv,{'tensorflow'}
vespa-engine.csv,{'torch'}
wjmaddox.csv,{'torch'}
zhanghang1989.csv,{'torch'}
921kiyo_3d-dl.csv,{'keras'}
ad12_DOSMA.csv,{'keras'}
AFAgarap_wisconsin-breast-cancer.csv,{'keras'}
agiletechvn_opencv-starterkit.csv,{'keras'}
aimagelab_novelty-detection.csv,{'torch'}
akanimax_BMSG-GAN.csv,{'torch'}
aldro61_mmit.csv,{'sklearn'}
alecwangcq_EigenDamage-Pytorch.csv,{'torch'}
AlenK123_V.A.Silly.csv,{'keras'}
alexander-rakhlin_ICIAR2018.csv,{'keras'}
AlexEMG_DeepLabCut.csv,{'torch'}
alexjc_neural-imagen.csv,{'torch'}
AliaksandrSiarohin_monkey-net.csv,{'torch'}
Alireza-Akhavan_deep-face-recognition.csv,"{'keras', 'tensorflow'}"
AllenCellModeling_pytorch_integrated_cell.csv,{'torch'}
amansrivastava17_lstm-siamese-text-similarity.csv,{'keras'}
amineHorseman_facial-expression-recognition-using-cnn.csv,{'tensorflow'}
anastasios-stamoulis_deep-learning-with-csharp-and-cntk.csv,{'keras'}
Angzz_panoptic-fpn-gluon.csv,{'mxnet'}
ankur219_ECG-Arrhythmia-classification.csv,{'keras'}
Anmol-Singh-Jaggi_Sign-Language-Recognition.csv,{'sklearn'}
annusgit_ForestCoverChange.csv,{'torch'}
AntiAegis_Human-Segmentation-PyTorch.csv,{'torch'}
Anurag14_accessfaceid.csv,{'keras'}
apacha_Mensural-Detector.csv,{'tensorflow'}
apacha_MusicScoreClassifier.csv,{'keras'}
apacha_MusicSymbolClassifier.csv,{'tensorflow'}
appinho_SAComputerVisionMachineLearning.csv,{'keras'}
apple_turicreate.csv,"{'xgboost', 'tensorflow'}"
aqlaboratory_rgn.csv,{'tensorflow'}
araffin_srl-zoo.csv,{'torch'}
ardamavi_Dog-Cat-Classifier.csv,{'keras'}
arunponnusamy_gender-detection-keras.csv,{'keras'}
astorfi_sequence-to-sequence-from-scratch.csv,{'torch'}
astrazeneca-cgr-publications_mantis-ml-release.csv,{'keras'}
atomistic-machine-learning_schnetpack.csv,{'torch'}
autonomio_talos.csv,{'sklearn'}
AVAuco_laeonet.csv,{'keras'}
aws-samples_machine-learning-using-k8s.csv,{'tensorflow'}
Azure_DataScienceVM.csv,"{'keras', 'sklearn'}"
BaderLab_saber.csv,{'keras'}
Barqawiz_Snnapy2-Filters.csv,{'tensorflow'}
bbfamily_abu.csv,{'sklearn'}
BBVA_timecop.csv,{'sklearn'}
becauseofAI_MobileFace.csv,"{'mxnet', 'sklearn'}"
bedapudi6788_deepsegment.csv,{'tensorflow'}
BenWhetton_keras-surgeon.csv,{'tensorflow'}
BerkeleyAutomation_gqcnn.csv,{'tensorpack'}
berkgulay_WeatherPredictionFromImage.csv,{'keras'}
BingyaoHuang_CompenNet.csv,{'torch'}
binny-mathew_Countering_Hate_Speech_ICWSM2019.csv,{'sklearn'}
blackeagle01_Abnormal_Event_Detection.csv,{'keras'}
BloodAxe_pytorch-toolbelt.csv,{'torch'}
braincreators_octconv.csv,{'torch'}
brainiak_brainiak.csv,{'sklearn'}
breeko_spypy.csv,{'keras'}
bsamseth_tictacNET.csv,{'tensorflow'}
Cadene_recipe1m.bootstrap.pytorch.csv,{'torch'}
CAMeL-Lab_camel_tools.csv,"{'transformers', 'torch'}"
cenkcorapci_fashion-parser.csv,{'keras'}
cgnorthcutt_benchmarking-keras-pytorch.csv,{'keras'}
ChenRocks_fast_abs_rl.csv,{'torch'}
ChihebTrabelsi_deep_complex_networks.csv,{'keras'}
chihkuanyeh_Representer_Point_Selection.csv,{'tensorflow'}
chnsh_deep-semantic-code-search.csv,"{'keras', 'tensorflow'}"
cjekel_tindetheus.csv,{'tensorflow'}
ClarityCafe_Ivy.csv,{'tensorflow'}
clarkerubber_irwin.csv,{'keras'}
cleardusk_3DDFA.csv,{'torch'}
Cloud-CV_visual-chatbot.csv,{'torch'}
clovaai_deep-text-recognition-benchmark.csv,{'torch'}
cmhungsteve_TA3N.csv,{'torch'}
CODAIT_deep-histopath.csv,{'tensorflow'}
cognibit_Text-Normalization-Demo.csv,"{'sklearn', 'tensorflow'}"
cosanlab_nltools.csv,{'sklearn'}
cpmpercussion_creative-prediction.csv,{'keras'}
cpmpercussion_robojam.csv,{'tensorflow'}
CryoliteZ_Plants-Identification.csv,{'keras'}
CSAILVision_gandissect.csv,{'torch'}
cvlab-tohoku_Dense-CoAttention-Network.csv,{'torch'}
CyberZHG_keras-bert.csv,{'tensorflow'}
cyschneck_Hydra.csv,{'sklearn'}
dabasajay_Image-Caption-Generator.csv,{'keras'}
datarobot_pic2vec.csv,{'keras'}
dbiir_UER-py.csv,{'torch'}
deep-fingerprinting_df.csv,{'keras'}
deepchem_deepchem.csv,"{'torch', 'deepchem'}"
deepdiy_deepdiy.csv,"{'keras', 'tensorflow'}"
deepfakes_faceswap.csv,{'tensorflow'}
DeepTrial_DL_Segmention_Template.csv,{'keras'}
DeFacto_DeFactoNLP.csv,{'sklearn'}
Desklop_Voice_ChatBot.csv,{'tensorflow'}
DistrictDataLabs_yellowbrick.csv,{'sklearn'}
djpetti_isl-gazecapture.csv,{'tensorflow'}
dlebech_lyrics-generator.csv,{'tensorflow'}
dmlc_gluon-nlp.csv,{'tensorflow'}
domainadaptation_salad.csv,{'torch'}
dougsm_mvp_grasp.csv,{'tensorflow'}
driemworks_agatha.csv,{'sklearn'}
drivendataorg_zamba.csv,{'torch'}
ducha-aiki_affnet.csv,{'torch'}
duxuhao_Feature-Selection.csv,{'lightgbm'}
dymaxionlabs_ap-latam.csv,{'keras'}
eatsleepraverepeat_emusic_net.csv,{'keras'}
eellak_gsoc2018-3gm.csv,{'tensorflow'}
Ekim-Yurtsever_DeepTL-Lane-Change-Classification.csv,{'keras'}
eladhoffer_seq2seq.pytorch.csv,{'torch'}
Epistimio_orion.csv,{'sklearn'}
Erotemic_netharn.csv,{'torch'}
esowc_ml_drought.csv,{'sklearn'}
evhart_crees.csv,{'tensorflow'}
experiencor_deep-viz-keras.csv,{'tensorflow'}
experiencor_keras-yolo2.csv,{'keras'}
experiencor_keras-yolo3.csv,{'keras'}
explosion_prodigy-recipes.csv,{'tensorflow'}
fabvio_ld-lsi.csv,{'torch'}
facebookresearch_vilbert-multi-task.csv,{'torch'}
FlashTek_show-attend-and-tell-keras.csv,{'keras'}
foamliu_Car-Recognition.csv,{'keras'}
foamliu_Deep-Image-Matting.csv,"{'keras', 'tensorflow'}"
foamliu_Facial-Expression-Prediction.csv,{'keras'}
foamliu_Look-Into-Person.csv,{'keras'}
Fournierp_alfred.csv,{'tensorflow'}
FrancescoSaverioZuppichini_mirror.csv,{'torch'}
gabrielspmoreira_chameleon_recsys.csv,{'tensorflow'}
GalDude33_Fetal-MRI-Segmentation.csv,{'keras'}
GantMan_nsfw_model.csv,"{'keras', 'tensorflow'}"
gautam678_Pix2Depth.csv,{'keras'}
gentaiscool_lstm-attention.csv,{'keras'}
GilesStrong_lumin.csv,{'sklearn'}
GKalliatakis_Keras-VGG16-places365.csv,{'keras'}
gongzhitaao_adversarial-text.csv,{'tensorflow'}
google-research_google-research.csv,"{'lightgbm', 'torch', 'sklearn', 'tf_agents', 'tensorflow'}"
google-research_text-to-text-transfer-transformer.csv,{'tensorflow'}
graykode_gpt-2-Pytorch.csv,{'torch'}
greenelab_snorkeling.csv,"{'snorkel', 'sklearn'}"
greenelab_tybalt.csv,{'keras'}
Ha0Tang_SelectionGAN.csv,{'keras'}
hankcs_HanLP.csv,"{'torch', 'tensorflow'}"
haqishen_MFNet-pytorch.csv,{'torch'}
harish2704_pottan-ocr.csv,"{'keras', 'tensorflow'}"
harshbg_Sign-Language-Interpreter-using-Deep-Learning.csv,{'tensorflow'}
HazyResearch_snorkel.csv,"{'torch', 'snorkel'}"
HealthCatalyst_healthcareai-py.csv,{'sklearn'}
hepesu_LineDistiller.csv,{'keras'}
Hironsan_anago.csv,{'keras'}
hls-fpga-machine-learning_hls4ml.csv,{'tensorflow'}
HMS-IDAC_ImageForensics.csv,{'sklearn'}
Hoiy_berserker.csv,{'tensorflow'}
Hourout_linora.csv,{'lightgbm'}
howl-anderson_seq2annotation.csv,{'tensorflow'}
hsm207_bert_attn_viz.csv,{'tensorflow'}
huckiyang_EyeNet2.csv,{'keras'}
huggingface_transfer-learning-conv-ai.csv,{'torch'}
huseinzol05_NLP-Models-Tensorflow.csv,{'tensorflow'}
HYU-AILAB_ai-seminar.csv,{'tensorflow'}
ialhashim_DenseDepth.csv,"{'torch', 'tensorflow'}"
IBM_MAX-Inception-ResNet-v2.csv,{'keras'}
IBM_MAX-ResNet-50.csv,{'keras'}
IBM_MAX-Review-Text-Generator.csv,{'tensorflow'}
IBM_MAX-Weather-Forecaster.csv,{'tensorflow'}
IDKiro_CBDNet-pytorch.csv,{'torch'}
imito_odin-ai.csv,{'sklearn'}
IntelAI_inference-model-manager.csv,{'tensorflow'}
IntelAI_OpenVINO-model-server.csv,{'tensorflow'}
inuinana_MusicGenreClassifiaction.csv,{'keras'}
ITE-5th_image-captioning-gan.csv,{'torch'}
IXarea_LittleGAN.csv,{'tensorflow'}
jacobgil_keras-grad-cam.csv,{'tensorflow'}
jadore801120_attention-is-all-you-need-pytorch.csv,{'torch'}
james4388_noahcar.csv,{'keras'}
jaredwinick_img2vec-keras.csv,{'tensorflow'}
JayYip_bert-multitask-learning.csv,{'tensorflow'}
jcreinhold_synthtorch.csv,{'torch'}
JdeRobot_DetectionSuite.csv,{'keras'}
jgraving_deepposekit.csv,{'sklearn'}
jhu-lcsr_costar_plan.csv,"{'keras', 'tensorflow'}"
jiegzhan_time-series-forecasting-rnn-tensorflow.csv,{'keras'}
jimmy60504_SeisNN.csv,{'tensorflow'}
jimmyyhwu_ddsm-visual-primitives.csv,{'torch'}
jimmyyhwu_pose-interpreter-networks.csv,{'torch'}
jiwoon-ahn_irn.csv,{'torch'}
jiwoon-ahn_psa.csv,{'torch'}
jolibrain_fluidnet_cxx.csv,{'torch'}
jtourille_yaset.csv,{'torch'}
justachetan_img2latex.csv,"{'keras', 'tensorflow'}"
JustinGOSSES_predictatops.csv,{'sklearn'}
justusschock_shape-constrained-network.csv,{'torch'}
jymsuper_SpeakerRecognition_tutorial.csv,{'torch'}
kalviny_MSDNet-PyTorch.csv,{'torch'}
kamatyogesh7_face-recognition-based-attendance-system.csv,{'sklearn'}
kenmaz_momo_mind.csv,{'keras'}
kenshohara_3D-ResNets-PyTorch.csv,{'torch'}
keums_melodyExtraction_JDC.csv,{'keras'}
kjaisingh_hardhat-detector.csv,{'keras'}
knime_knime-tensorflow.csv,{'tensorflow'}
kotritrona_osumapper.csv,{'tensorflow'}
Koziev_chatbot.csv,"{'torch', 'tensorflow'}"
krrish94_ENet-ScanNet.csv,{'torch'}
kundajelab_ChromDragoNN.csv,{'sklearn'}
KushagraChauhan_Face-Recognition.csv,{'keras'}
kwonmha_Improving-RNN-recommendation-model.csv,{'keras'}
kymatio_kymatio.csv,"{'torch', 'sklearn'}"
lanpa_tensorboardX.csv,{'chainer'}
lazybootsafe_AI2Match.csv,{'torch'}
leemengtaiwan_cat-recognition-train.csv,{'tensorflow'}
leftthomas_CCCapsNet.csv,{'torch'}
leon-ai_leon.csv,{'torch'}
leoxiaobin_deep-high-resolution-net.pytorch.csv,{'torch'}
linbo0518_CVBenchmarks.csv,{'mxnet'}
lonePatient_Deep_Learning_For_Computer_Vision_With_Python.csv,{'keras'}
Lsdefine_attention-is-all-you-need-keras.csv,{'tensorflow'}
lucasxlu_TransFBP.csv,{'sklearn'}
ma-zhiyuan_PersonalRecommendation.csv,"{'xgboost', 'sklearn'}"
maciejczyzewski_neural-chessboard.csv,{'keras'}
maelfabien_Multimodal-Emotion-Recognition.csv,{'tensorflow'}
makcedward_nlpaug.csv,"{'transformers', 'torch'}"
mapbox_robosat.csv,{'torch'}
marl_openl3.csv,{'tensorflow'}
MaybeShewill-CV_nsfw-classification-tensorflow.csv,{'tensorflow'}
MaybeShewill-CV_CRNN_Tensorflow.csv,{'tensorflow'}
mdangschat_ctc-asr.csv,{'tensorflow'}
michalfaber_keras_Realtime_Multi-Person_Pose_Estimation.csv,{'keras'}
microsoft_AirSim.csv,"{'keras', 'tensorflow'}"
microsoft_EconML.csv,{'sklearn'}
microsoft_interpret.csv,{'sklearn'}
microsoft_onnxruntime.csv,"{'transformers', 'torch'}"
microsoft_tf2-gnn.csv,{'tensorflow'}
MillionIntegrals_vel.csv,{'torch'}
MIPT-Oulu_OAProgression.csv,"{'torch', 'sklearn'}"
miroozyx_BERT_with_keras.csv,{'keras'}
mlflow_mlflow.csv,"{'transformers', 'catboost', 'sklearn', 'sktime', 'tensorflow'}"
mohammaduzair9_Style-Classification.csv,{'keras'}
mohammed-elkomy_two-stream-action-recognition.csv,{'tensorflow'}
Morphl-AI_MorphL-Community-Edition.csv,{'keras'}
mpkuse_cartwheel_train.csv,"{'keras', 'tensorflow'}"
mratsim_Amazon-Forest-Computer-Vision.csv,{'sklearn'}
mravanelli_SincNet.csv,{'torch'}
MrEliptik_HandPose.csv,{'tensorflow'}
mseitzer_pytorch-fid.csv,{'torch'}
msmbuilder_osprey.csv,{'sklearn'}
muneebaadil_line-detection-using-cnns.csv,{'keras'}
MVIG-SJTU_AlphaPose.csv,{'torch'}
MycroftAI_mycroft-precise.csv,{'tensorflow'}
N2ITN_are-you-fake-news.csv,{'tensorflow'}
namisan_mt-dnn.csv,"{'mt_dnn', 'torch'}"
nanoporetech_medaka.csv,{'tensorflow'}
Narsil_alphagozero.csv,{'keras'}
nearthlab_image-segmentation.csv,"{'keras', 'tensorflow'}"
Neerajj9_CSRNet-keras.csv,{'keras'}
neo-ai_neo-ai-dlr.csv,"{'mxnet', 'tensorflow'}"
NervanaSystems_distiller.csv,{'torch'}
NickleDave_hybrid-vocal-classifier.csv,{'keras'}
nicola-decao_s-vae-pytorch.csv,{'torch'}
NikhilCodes_VirtualBLU.csv,{'tensorflow'}
nikicc_twitter-emotion-recognition.csv,{'keras'}
nimeshabuddhika_Tensorflow-Chatbot.csv,"{'sklearn', 'tensorflow'}"
nok_sklearn-porter.csv,{'sklearn'}
npatta01_web-deep-learning-classifier.csv,{'fastai'}
npuichigo_ttsflow.csv,"{'sklearn', 'tensorflow'}"
NRCan_geo-deep-learning.csv,{'torch'}
nrontsis_PILCO.csv,{'tensorflow'}
NVlabs_MUNIT.csv,{'torch'}
nyukat_breast_cancer_classifier.csv,{'torch'}
Octavian-ai_mac-graph.csv,{'tensorflow'}
okfn-brasil_serenata-de-amor.csv,{'sklearn'}
omar178_Emotion-recognition.csv,{'keras'}
oscarknagg_voicemap.csv,{'keras'}
oswaldoludwig_Seq2seq-Chatbot-for-Keras.csv,{'keras'}
otenim_ALI-Keras2.csv,{'keras'}
otenim_Xception-with-Your-Own-Dataset.csv,{'keras'}
PaddlePaddle_models.csv,{'torch'}
pailabteam_pailab.csv,{'sklearn'}
paintception_DeepChess.csv,{'keras'}
pbiecek_DALEX.csv,"{'h2o', 'xgboost'}"
perslev_MultiPlanarUNet.csv,{'tensorflow'}
pFindStudio_pDeep.csv,{'tensorflow'}
philipperemy_keract.csv,{'tensorflow'}
philipperemy_keras-tcn.csv,{'tensorflow'}
philipperemy_deep-speaker.csv,{'tensorflow'}
pierluigiferrari_ssd_keras.csv,{'keras'}
podgorskiy_GPND.csv,{'torch'}
PPPW_deep-learning-random-explore.csv,{'keras'}
prateeksawhney97_Behavioral-Cloning-Project-P4.csv,{'keras'}
pshkrh_asl-py.csv,{'fastai'}
psipred_DeepMetaPSICOV.csv,{'torch'}
pulp-platform_pulp-dronet.csv,{'torch'}
pyannote_pyannote-audio.csv,{'torch'}
pymc-learn_pymc-learn.csv,{'sklearn'}
pyro-ppl_funsor.csv,{'torch'}
pyro-ppl_pyro.csv,{'torch'}
PythonCharmers_maxentropy.csv,{'sklearn'}
quadflor_Quadflor.csv,{'sklearn'}
r9y9_nnsvs.csv,{'torch'}
rafellerc_Pytorch-SiamFC.csv,{'torch'}
rafjaa_curso-mineracao-de-dados-aplicada.csv,{'sklearn'}
raviolli77_machineLearning_breastCancer_Python.csv,{'sklearn'}
rohanpillai20_Image-Classification-by-Keras-and-Tensorflow.csv,{'keras'}
RomanovMikeV_setka.csv,{'torch'}
rshrc_sales-forecast-ml.csv,{'sklearn'}
rwightman_pytorch-image-models.csv,"{'torch', 'mxnet'}"
rykov8_ssd_keras.csv,{'tensorflow'}
samanyougarg_Group-Emotion-Recognition.csv,{'tensorflow'}
santi-pdp_pase.csv,{'torch'}
satinder147_Attendance-using-Face.csv,{'keras'}
scikit-optimize_scikit-optimize.csv,{'sklearn'}
ScottfreeLLC_AlphaPy.csv,{'sklearn'}
SeanLee97_xmnlp.csv,{'sklearn'}
sebp_scikit-survival.csv,{'sklearn'}
sedflix_DeepCoherence.csv,{'keras'}
seed-fe_face_recognition_using_opencv_keras_scikit-learn.csv,{'keras'}
SeldonIO_seldon-core.csv,"{'lightgbm', 'keras', 'sklearn', 'xgboost', 'tensorflow', 'h2o'}"
seongahjo_Mosaicer.csv,{'keras'}
serengil_deepface.csv,{'tensorflow'}
sethuiyer_Image-to-Image-Search.csv,{'tensorflow'}
shadow-robot_smart_grasping_sandbox.csv,{'tensorflow'}
sharavsambuu_mongolian-text-classification.csv,{'tensorflow'}
shibing624_pycorrector.csv,{'transformers'}
ShreyAmbesh_Traffic-Rule-Violation-Detection-System.csv,{'tensorflow'}
silburt_DeepMoon.csv,{'keras'}
simonfqy_PADME.csv,"{'deepchem', 'tensorflow'}"
SINTEF_PySilCam.csv,{'tensorflow'}
skjerns_AutoSleepScorer.csv,{'keras'}
SleyAI_Biomedical-Segmentation-with-PyTorch.csv,{'torch'}
slundberg_shap.csv,{'sklearn'}
songhengyang_face_landmark_factory.csv,{'tensorflow'}
SparshaSaha_Hand-Gesture-Recognition-Using-Background-Elllimination-and-Convolution-Neural-Network.csv,{'tensorflow'}
srihari-humbarwadi_DeepLabV3_Plus-Tensorflow2.0.csv,{'tensorflow'}
sshleifer_object_detection_kitti.csv,{'tensorflow'}
Stable-Baselines-Team_stable-baselines.csv,{'stable_baselines'}
stanfordnlp_stanza.csv,{'torch'}
stevexyz_SlyMlego.csv,{'keras'}
stomioka_sdtm_mapper.csv,{'tensorflow'}
subodh-malgonde_vehicle-detection.csv,{'keras'}
tasoc_starclass.csv,{'sklearn'}
tdeboissiere_SuperNNova.csv,{'torch'}
ternaus_robot-surgery-segmentation.csv,{'torch'}
tevora-threat_Dragnet.csv,{'tensorflow'}
tfunck_minc_keras.csv,{'keras'}
thomaskuestner_CNNArt.csv,{'tensorflow'}
Tian312_EliIE.csv,{'libsvm'}
Tiiiger_bert_score.csv,{'torch'}
timothyyu_ml_monorepo.csv,"{'torch', 'keras', 'sklearn'}"
titu1994_DenseNet.csv,{'keras'}
tlatkowski_inpainting-gmcnn-keras.csv,{'keras'}
tobybreckon_fire-detection-cnn.csv,{'tflearn'}
TrainingByPackt_Beginning-Application-Development-with-TensorFlow-and-Keras.csv,{'keras'}
ttgump_scDeepCluster.csv,{'tensorflow'}
Twonki_Medusa.csv,{'tensorflow'}
ucloud_uai-sdk.csv,"{'xgboost', 'keras', 'tensorflow'}"
ultralytics_yolov3.csv,{'tensorflow'}
ultralytics_xview-yolov3.csv,{'torch'}
ultralytics_yolov5.csv,{'tensorflow'}
Unity-Technologies_marathon-envs.csv,{'stable_baselines'}
uptake_autofocus.csv,{'fastai'}
urigoren_decorators4DS.csv,{'sklearn'}
vergeml_vergeml.csv,{'keras'}
vgtomahawk_Charmanteau-CamReady.csv,{'keras'}
viraja1_crack_detection.csv,{'tensorflow'}
vliu15_dialogue-seq2seq.csv,{'torch'}
VowpalWabbit_vowpal_wabbit.csv,{'sklearn'}
voxelmorph_voxelmorph.csv,{'tensorflow'}
vshantam_Age-Prediction.csv,{'keras'}
WindQAQ_listen-attend-and-spell.csv,{'tensorflow'}
wmylxmj_Anime-Super-Resolution.csv,{'tensorflow'}
wmylxmj_Pix2Pix-Keras.csv,{'keras'}
X-DataInitiative_tick.csv,{'sklearn'}
xiadingZ_video-caption.pytorch.csv,{'torch'}
xvjiarui_GCNet.csv,{'torch'}
XXXalice_EngineSSL.csv,{'tensorflow'}
yassineAlouini_kaggle-tools.csv,{'keras'}
ydixon_yolo_v3.csv,{'torch'}
YerevaNN_mimic3-benchmarks.csv,{'tensorflow'}
yongxuUSTC_sednn.csv,{'keras'}
yongzhuo_nlp_xiaojiang.csv,{'tensorflow'}
yselivonchyk_Tensorflow_WhatWhereAutoencoder.csv,{'tensorflow'}
YuliangXiu_MobilePose-pytorch.csv,{'torch'}
YunYang1994_cuda-tutorial.csv,{'tensorflow'}
Z-Zheng_SimpleCV.csv,{'torch'}
zake7749_DeepToxic.csv,"{'keras', 'sklearn'}"
zhaipro_easy12306.csv,{'keras'}
zhouyanasd_DL-NC.csv,{'sklearn'}
zixuanweeei_atec-sim.csv,{'tensorflow'}
zlsh80826_image-caption-tf.csv,{'tensorflow'}
zukako0930_street2shopTriplet.csv,{'tensorflow'}
zvtvz_zvt.csv,{'sklearn'}
zwx8981_DBCNN-PyTorch.csv,{'torch'}
aisolab_nlp_classification.csv,{'torch'}
1989Ryan_Semantic_SLAM.csv,"{'keras', 'tensorflow'}"
autorope_donkeycar.csv,{'tensorflow'}
black0017_MedicalZooPytorch.csv,{'torch'}
Calamari-OCR_calamari.csv,{'tensorflow'}
calico_basenji.csv,{'tensorflow'}
ClementPinard_SfmLearner-Pytorch.csv,{'torch'}
fizyr_keras-retinanet.csv,{'tensorflow'}
hasanirtiza_Pedestron.csv,{'torch'}
hunglc007_tensorflow-yolov4-tflite.csv,{'tensorflow'}
hysts_pytorch_image_classification.csv,{'torch'}
iskandr_fancyimpute.csv,{'sklearn'}
jantic_DeOldify.csv,{'fastai'}
joe-siyuan-qiao_DetectoRS.csv,{'torch'}
kerlomz_captcha_platform.csv,{'tensorflow'}
kipoi_kipoi.csv,{'sklearn'}
kwotsin_mimicry.csv,{'torch'}
LiberAI_NSpM.csv,{'torch'}
LoSealL_VideoSuperResolution.csv,{'torch'}
machine-learning-apps_Issue-Label-Bot.csv,{'sklearn'}
magenta_ddsp.csv,{'tensorflow'}
magenta_magenta.csv,{'tensorflow'}
MegviiDetection_video_analyst.csv,{'torch'}
mittagessen_kraken.csv,{'torch'}
mlperf_inference.csv,{'torch'}
mlperf_training.csv,"{'torch', 'tensorflow'}"
mpariente_asteroid.csv,{'torch'}
MrGiovanni_ModelsGenesis.csv,{'tensorflow'}
osmr_imgclsmob.csv,"{'torch', 'keras', 'mxnet', 'tensorflow'}"
priya-dwivedi_Deep-Learning.csv,"{'torch', 'keras', 'sklearn', 'tensorflow'}"
sergionr2_RacingRobot.csv,{'torch'}
SpursLipu_YOLOv3-ModelCompression-MultidatasetTraining-Multibackbone.csv,{'torch'}
Tianxiaomo_pytorch-YOLOv4.csv,{'torch'}
tianzhi0549_FCOS.csv,{'torch'}
tristandeleu_pytorch-maml-rl.csv,{'torch'}
tristandeleu_pytorch-meta.csv,{'torch'}
urduhack_urduhack.csv,{'tensorflow'}
vespa-engine_sample-apps.csv,{'torch'}
wjmaddox_swa_gaussian.csv,{'torch'}
yehengchen_Object-Detection-and-Tracking.csv,"{'keras', 'sklearn', 'tensorflow'}"
zhanghang1989_PyTorch-Encoding.csv,{'torch'}
