ProjectName,repo_path
921kiyo/3d-dl,../repos/repos2/921kiyo/3d-dl
aaronlam88/cmpe295,../repos/repos2/aaronlam88/cmpe295
abdullahselek/koolsla,../repos/repos2/abdullahselek/koolsla
abreheret/PixelAnnotationTool,../repos/repos2/abreheret/PixelAnnotationTool
adler-j/learned_primal_dual,../repos/repos2/adler-j/learned_primal_dual
agoose77/GOAP,../repos/repos2/agoose77/GOAP
agusgun/FakeImageDetector,../repos/repos2/agusgun/FakeImageDetector
AhmedImtiazPrio/Keras-AudioDataGenerator,../repos/repos2/AhmedImtiazPrio/Keras-AudioDataGenerator
ai-med/nn-common-modules,../repos/repos2/ai-med/nn-common-modules
akanimax/BMSG-GAN,../repos/repos2/akanimax/BMSG-GAN
AliaksandrSiarohin/monkey-net,../repos/repos2/AliaksandrSiarohin/monkey-net
alina1021/facial_expression_transfer,../repos/repos2/alina1021/facial_expression_transfer
alirezamika/evostra,../repos/repos2/alirezamika/evostra
allenai/scispacy,../repos/repos2/allenai/scispacy
AlpacaDB/backlight,../repos/repos2/AlpacaDB/backlight
alvarowolfx/gcloud-iot-edge-tensorflow,../repos/repos2/alvarowolfx/gcloud-iot-edge-tensorflow
ambakick/Person-Detection-and-Tracking,../repos/repos2/ambakick/Person-Detection-and-Tracking
amirassov/retinanet,../repos/repos2/amirassov/retinanet
AntiAegis/Human-Segmentation-PyTorch,../repos/repos2/AntiAegis/Human-Segmentation-PyTorch
appinho/SAComputerVisionMachineLearning,../repos/repos2/appinho/SAComputerVisionMachineLearning
aqlaboratory/rgn,../repos/repos2/aqlaboratory/rgn
arose13/rosey,../repos/repos2/arose13/rosey
asif536/Movie-Recommender-System,../repos/repos2/asif536/Movie-Recommender-System
AssembleSoftware/IoTPy,../repos/repos2/AssembleSoftware/IoTPy
aswinshenoy/trendulkar,../repos/repos2/aswinshenoy/trendulkar
Atomu2014/product-nets,../repos/repos2/Atomu2014/product-nets
BannyStone/Video_Classification_PyTorch,../repos/repos2/BannyStone/Video_Classification_PyTorch
bat67/TibetanMNIST,../repos/repos2/bat67/TibetanMNIST
bdqnghi/ggnn.tensorflow,../repos/repos2/bdqnghi/ggnn.tensorflow
becauseofAI/MobileFace,../repos/repos2/becauseofAI/MobileFace
belzebalex/wargames,../repos/repos2/belzebalex/wargames
benedekrozemberczki/FSCNMF,../repos/repos2/benedekrozemberczki/FSCNMF
benedekrozemberczki/TENE,../repos/repos2/benedekrozemberczki/TENE
benfred/implicit,../repos/repos2/benfred/implicit
berkmancenter/mediacloud-sentence-splitter,../repos/repos2/berkmancenter/mediacloud-sentence-splitter
bfelbo/DeepMoji,../repos/repos2/bfelbo/DeepMoji
bfortuner/pytorch_tiramisu,../repos/repos2/bfortuner/pytorch_tiramisu
bio-ontology-research-group/onto2vec,../repos/repos2/bio-ontology-research-group/onto2vec
biocore/calour,../repos/repos2/biocore/calour
bioidiap/bob,../repos/repos2/bioidiap/bob
bit-bots/imagetagger,../repos/repos2/bit-bots/imagetagger
bitextor/bitextor,../repos/repos2/bitextor/bitextor
blmoistawinde/HarvestText,../repos/repos2/blmoistawinde/HarvestText
blue-oil/blueoil,../repos/repos2/blue-oil/blueoil
brannondorsey/GloVe-experiments,../repos/repos2/brannondorsey/GloVe-experiments
breeko/spypy,../repos/repos2/breeko/spypy
bsamseth/tictacNET,../repos/repos2/bsamseth/tictacNET
bzier/gym-mupen64plus,../repos/repos2/bzier/gym-mupen64plus
Cartus/AGGCN_TACRED,../repos/repos2/Cartus/AGGCN_TACRED
Cartus/AMR-Parser,../repos/repos2/Cartus/AMR-Parser
chaitjo/regression-stock-prediction,../repos/repos2/chaitjo/regression-stock-prediction
chaitjo/working-women,../repos/repos2/chaitjo/working-women
chembience/chembience,../repos/repos2/chembience/chembience
Chicoryn/dream-go,../repos/repos2/Chicoryn/dream-go
chizhanyuefeng/FD-CNN,../repos/repos2/chizhanyuefeng/FD-CNN
chizhu/KGQA_HLM,../repos/repos2/chizhu/KGQA_HLM
chrisPiemonte/url2vec,../repos/repos2/chrisPiemonte/url2vec
cjekel/tindetheus,../repos/repos2/cjekel/tindetheus
claudio-unipv/quasi-unsupervised-cc,../repos/repos2/claudio-unipv/quasi-unsupervised-cc
ClaudiuGeorgiu/RiskInDroid,../repos/repos2/ClaudiuGeorgiu/RiskInDroid
Cloud-CV/Origami,../repos/repos2/Cloud-CV/Origami
CLUEbenchmark/CLUE,../repos/repos2/CLUEbenchmark/CLUE
cmasch/densenet,../repos/repos2/cmasch/densenet
CODAIT/deep-histopath,../repos/repos2/CODAIT/deep-histopath
CogComp/cogcomp-nlpy,../repos/repos2/CogComp/cogcomp-nlpy
cpmpercussion/robojam,../repos/repos2/cpmpercussion/robojam
crouchred/speaker-recognition-py3,../repos/repos2/crouchred/speaker-recognition-py3
CryoliteZ/Plants-Identification,../repos/repos2/CryoliteZ/Plants-Identification
cs-chan/Deep-Plant,../repos/repos2/cs-chan/Deep-Plant
csvance/keras-mobile-detectnet,../repos/repos2/csvance/keras-mobile-detectnet
cszhangzhen/ANRL,../repos/repos2/cszhangzhen/ANRL
ctuning/ck-crowdtuning,../repos/repos2/ctuning/ck-crowdtuning
cuguilke/microexpnet,../repos/repos2/cuguilke/microexpnet
Cyb3rWard0g/HELK,../repos/repos2/Cyb3rWard0g/HELK
cyberneuron/RT-CNN-Vis,../repos/repos2/cyberneuron/RT-CNN-Vis
CyberZHG/keras-bert,../repos/repos2/CyberZHG/keras-bert
CynthiaKoopman/Network-Intrusion-Detection,../repos/repos2/CynthiaKoopman/Network-Intrusion-Detection
cytadela8/trypophobia,../repos/repos2/cytadela8/trypophobia
daigo0927/pwcnet,../repos/repos2/daigo0927/pwcnet
DakshMiglani/Credit-Card-Fraud,../repos/repos2/DakshMiglani/Credit-Card-Fraud
daniel-cortez-stevenson/crypto-predict,../repos/repos2/daniel-cortez-stevenson/crypto-predict
daniel-muthukrishna/astrodash,../repos/repos2/daniel-muthukrishna/astrodash
danielzuegner/nettack,../repos/repos2/danielzuegner/nettack
darribas/satellite_led_liverpool,../repos/repos2/darribas/satellite_led_liverpool
david-yoon/detecting-incongruity,../repos/repos2/david-yoon/detecting-incongruity
davidhaohanli/Abnormal-Behaviour-Detection,../repos/repos2/davidhaohanli/Abnormal-Behaviour-Detection
DeNeutoy/spacy-vis,../repos/repos2/DeNeutoy/spacy-vis
devpranoy/video_coloriser,../repos/repos2/devpranoy/video_coloriser
dfcf93/MSMARCO,../repos/repos2/dfcf93/MSMARCO
dillondaudert/UMAP.jl,../repos/repos2/dillondaudert/UMAP.jl
doccano/doccano,../repos/repos2/doccano/doccano
domschl/tensor-poet,../repos/repos2/domschl/tensor-poet
earhian/Humpback-Whale-Identification-1st-,../repos/repos2/earhian/Humpback-Whale-Identification-1st-
Ekim-Yurtsever/DeepTL-Lane-Change-Classification,../repos/repos2/Ekim-Yurtsever/DeepTL-Lane-Change-Classification
eladhoffer/seq2seq.pytorch,../repos/repos2/eladhoffer/seq2seq.pytorch
elcolumbio/mlrepricer,../repos/repos2/elcolumbio/mlrepricer
ElmiiiRaa/machine-translation,../repos/repos2/ElmiiiRaa/machine-translation
EmilienDupont/neural-processes,../repos/repos2/EmilienDupont/neural-processes
eram/tensorflow-stack-ts,../repos/repos2/eram/tensorflow-stack-ts
euclidjda/deep-quant,../repos/repos2/euclidjda/deep-quant
ferreirafabio/video2tfrecord,../repos/repos2/ferreirafabio/video2tfrecord
fferroni/PhasedLSTM-Keras,../repos/repos2/fferroni/PhasedLSTM-Keras
frogermcs/MNIST-TFLite,../repos/repos2/frogermcs/MNIST-TFLite
fsx950223/mobilenetv2-yolov3,../repos/repos2/fsx950223/mobilenetv2-yolov3
fsx950223/MobilenetV3,../repos/repos2/fsx950223/MobilenetV3
gamcoh/Object-Detection-Tools,../repos/repos2/gamcoh/Object-Detection-Tools
GantMan/nsfw_model,../repos/repos2/GantMan/nsfw_model
gengyanlei/Semi-Supervised-Semantic-Segmentation-GAN,../repos/repos2/gengyanlei/Semi-Supervised-Semantic-Segmentation-GAN
godot-extended-libraries/godot-tensorflow-workspace,../repos/repos2/godot-extended-libraries/godot-tensorflow-workspace
gojibjib/jibjib-model,../repos/repos2/gojibjib/jibjib-model
GT-RIPL/L2C,../repos/repos2/GT-RIPL/L2C
GuitarsAI/BasicsMusicalInstrumClassifi,../repos/repos2/GuitarsAI/BasicsMusicalInstrumClassifi
hackingmaterials/automatminer,../repos/repos2/hackingmaterials/automatminer
harish2704/pottan-ocr,../repos/repos2/harish2704/pottan-ocr
harshbg/Sign-Language-Interpreter-using-Deep-Learning,../repos/repos2/harshbg/Sign-Language-Interpreter-using-Deep-Learning
hedrox/ecg-classification,../repos/repos2/hedrox/ecg-classification
Hellcatzm/SSD_Realization_MXNet,../repos/repos2/Hellcatzm/SSD_Realization_MXNet
Hellcatzm/TransforLearning_TensorFlow,../repos/repos2/Hellcatzm/TransforLearning_TensorFlow
Helsinki-NLP/HBMP,../repos/repos2/Helsinki-NLP/HBMP
HendrikStrobelt/detecting-fake-text,../repos/repos2/HendrikStrobelt/detecting-fake-text
hepesu/LineDistiller,../repos/repos2/hepesu/LineDistiller
hoya012/pytorch-peleenet,../repos/repos2/hoya012/pytorch-peleenet
hunglc007/tensorflow-yolov4-tflite,../repos/repos2/hunglc007/tensorflow-yolov4-tflite
iandanforth/pymuscle,../repos/repos2/iandanforth/pymuscle
IINemo/isanlp_srl_framebank,../repos/repos2/IINemo/isanlp_srl_framebank
IlyaGusev/rnnmorph,../repos/repos2/IlyaGusev/rnnmorph
imfunniee/pymine,../repos/repos2/imfunniee/pymine
instacart/lore,../repos/repos2/instacart/lore
intuit/foremast-brain,../repos/repos2/intuit/foremast-brain
isht7/pytorch-deeplab-resnet,../repos/repos2/isht7/pytorch-deeplab-resnet
j05t/emnist,../repos/repos2/j05t/emnist
jaakkopasanen/AutoEq,../repos/repos2/jaakkopasanen/AutoEq
jackyzha0/DroneNet,../repos/repos2/jackyzha0/DroneNet
jacobgil/keras-grad-cam,../repos/repos2/jacobgil/keras-grad-cam
jakeret/tf_unet,../repos/repos2/jakeret/tf_unet
Jakobovski/free-spoken-digit-dataset,../repos/repos2/Jakobovski/free-spoken-digit-dataset
jamesgeorge007/Gender-Classifier,../repos/repos2/jamesgeorge007/Gender-Classifier
jantic/DeOldify,../repos/repos2/jantic/DeOldify
jaredhuling/oem,../repos/repos2/jaredhuling/oem
JasonKessler/scattertext,../repos/repos2/JasonKessler/scattertext
jczic/MicroMLP,../repos/repos2/jczic/MicroMLP
JGuymont/vae-anomaly-detector,../repos/repos2/JGuymont/vae-anomaly-detector
jhasuman/potholes-detection,../repos/repos2/jhasuman/potholes-detection
jobovy/extreme-deconvolution,../repos/repos2/jobovy/extreme-deconvolution
JoergFranke/ADNC,../repos/repos2/JoergFranke/ADNC
JRC1995/TextRank-Keyword-Extraction,../repos/repos2/JRC1995/TextRank-Keyword-Extraction
jubins/DeepLearning-Food-Image-Recognition-And-Calorie-Estimation,../repos/repos2/jubins/DeepLearning-Food-Image-Recognition-And-Calorie-Estimation
junqiangchen/VNet3D,../repos/repos2/junqiangchen/VNet3D
kabkabm/defensegan,../repos/repos2/kabkabm/defensegan
kainoj/colnet,../repos/repos2/kainoj/colnet
kalviny/MSDNet-PyTorch,../repos/repos2/kalviny/MSDNet-PyTorch
KAMONOHASHI/kamonohashi,../repos/repos2/KAMONOHASHI/kamonohashi
kan-bayashi/PytorchWaveNetVocoder,../repos/repos2/kan-bayashi/PytorchWaveNetVocoder
kdexd/virtex,../repos/repos2/kdexd/virtex
kelaberetiv/TagUI,../repos/repos2/kelaberetiv/TagUI
kenlimmj/fightin-words,../repos/repos2/kenlimmj/fightin-words
keums/melodyExtraction_JDC,../repos/repos2/keums/melodyExtraction_JDC
kfoynt/LocalGraphClustering,../repos/repos2/kfoynt/LocalGraphClustering
khaxis/plynx,../repos/repos2/khaxis/plynx
kimhc6028/relational-networks,../repos/repos2/kimhc6028/relational-networks
koshian2/affinity-loss,../repos/repos2/koshian2/affinity-loss
kr-colab/diploSHIC,../repos/repos2/kr-colab/diploSHIC
krasserm/face-recognition,../repos/repos2/krasserm/face-recognition
l3p-cv/lost,../repos/repos2/l3p-cv/lost
lacerbi/vbmc,../repos/repos2/lacerbi/vbmc
LanguageMachines/PICCL,../repos/repos2/LanguageMachines/PICCL
LeonieWeissweiler/CISTEM,../repos/repos2/LeonieWeissweiler/CISTEM
lijx10/SO-Net,../repos/repos2/lijx10/SO-Net
lingtengqiu/Deeperlab-pytorch,../repos/repos2/lingtengqiu/Deeperlab-pytorch
linonetwo/segmentit,../repos/repos2/linonetwo/segmentit
liuruoze/EasyPR,../repos/repos2/liuruoze/EasyPR
locuslab/icnn,../repos/repos2/locuslab/icnn
loretoparisi/bert-movie-reviews-sentiment-classifier,../repos/repos2/loretoparisi/bert-movie-reviews-sentiment-classifier
LoSealL/VideoSuperResolution,../repos/repos2/LoSealL/VideoSuperResolution
lvapeab/ABiViRNet,../repos/repos2/lvapeab/ABiViRNet
MandyMo/HAMR,../repos/repos2/MandyMo/HAMR
markovmodel/molPX,../repos/repos2/markovmodel/molPX
mdangschat/ctc-asr,../repos/repos2/mdangschat/ctc-asr
mesutpiskin/id-card-detector,../repos/repos2/mesutpiskin/id-card-detector
MI2DataLab/auditor,../repos/repos2/MI2DataLab/auditor
mideind/ReynirPackage,../repos/repos2/mideind/ReynirPackage
MiguelMonteiro/CRFasRNNLayer,../repos/repos2/MiguelMonteiro/CRFasRNNLayer
MingtaoGuo/CNN-for-Chinese-Calligraphy-Styles-classification,../repos/repos2/MingtaoGuo/CNN-for-Chinese-Calligraphy-Styles-classification
MingtaoGuo/DnCNN-Denoise-Gaussian-noise-TensorFlow,../repos/repos2/MingtaoGuo/DnCNN-Denoise-Gaussian-noise-TensorFlow
mingyangShang/SeqViews2SeqLabels,../repos/repos2/mingyangShang/SeqViews2SeqLabels
mircare/Porter5,../repos/repos2/mircare/Porter5
mj000001/Object-Detection-And-Tracking,../repos/repos2/mj000001/Object-Detection-And-Tracking
mmxgn/clausiepy,../repos/repos2/mmxgn/clausiepy
mpuig/spacy-lookup,../repos/repos2/mpuig/spacy-lookup
MrGiovanni/ModelsGenesis,../repos/repos2/MrGiovanni/ModelsGenesis
MrPowerScripts/reddit-karma-farming-bot,../repos/repos2/MrPowerScripts/reddit-karma-farming-bot
msahamed/lending_loan_prediction,../repos/repos2/msahamed/lending_loan_prediction
msalvaris/BatchAIHorovodBenchmark,../repos/repos2/msalvaris/BatchAIHorovodBenchmark
msracver/Deep-Exemplar-based-Colorization,../repos/repos2/msracver/Deep-Exemplar-based-Colorization
msurtsukov/neural-ode,../repos/repos2/msurtsukov/neural-ode
mtobeiyf/audio-classification,../repos/repos2/mtobeiyf/audio-classification
munagekar/nnpso,../repos/repos2/munagekar/nnpso
muneebaadil/line-detection-using-cnns,../repos/repos2/muneebaadil/line-detection-using-cnns
MurtyShikhar/KBI,../repos/repos2/MurtyShikhar/KBI
MVIG-SJTU/AlphaPose,../repos/repos2/MVIG-SJTU/AlphaPose
MycroftAI/mycroft-core,../repos/repos2/MycroftAI/mycroft-core
mynameisvinn/EmailParser,../repos/repos2/mynameisvinn/EmailParser
N2ITN/are-you-fake-news,../repos/repos2/N2ITN/are-you-fake-news
n3a9/vera,../repos/repos2/n3a9/vera
napsternxg/TwitterNER,../repos/repos2/napsternxg/TwitterNER
natanielruiz/deep-head-pose,../repos/repos2/natanielruiz/deep-head-pose
nav74neet/ddpg_biped,../repos/repos2/nav74neet/ddpg_biped
NCBI-Hackathons/Semantic-search-log-analysis-pipeline,../repos/repos2/NCBI-Hackathons/Semantic-search-log-analysis-pipeline
ncullen93/torchsample,../repos/repos2/ncullen93/torchsample
nearthlab/image-segmentation,../repos/repos2/nearthlab/image-segmentation
neka-nat/image_completion_keras,../repos/repos2/neka-nat/image_completion_keras
Networks-Learning/memorize,../repos/repos2/Networks-Learning/memorize
nicolay-r/sentiment-pcnn,../repos/repos2/nicolay-r/sentiment-pcnn
NIHOPA/word2vec_pipeline,../repos/repos2/NIHOPA/word2vec_pipeline
nlpub/rdt,../repos/repos2/nlpub/rdt
noahfl/densenet-sdr,../repos/repos2/noahfl/densenet-sdr
noahgift/devml,../repos/repos2/noahgift/devml
noxouille/rt-mrcnn,../repos/repos2/noxouille/rt-mrcnn
NVlabs/geomapnet,../repos/repos2/NVlabs/geomapnet
NVlabs/learningrigidity,../repos/repos2/NVlabs/learningrigidity
ocatak/malware_api_class,../repos/repos2/ocatak/malware_api_class
octohedron/sclapi,../repos/repos2/octohedron/sclapi
oduwa/Pic-Numero,../repos/repos2/oduwa/Pic-Numero
okpy/ok-client,../repos/repos2/okpy/ok-client
olivesgatech/facies_classification_benchmark,../repos/repos2/olivesgatech/facies_classification_benchmark
omnisci/omniscidb,../repos/repos2/omnisci/omniscidb
Open-Debin/Emotion-FAN,../repos/repos2/Open-Debin/Emotion-FAN
openvenues/node-postal,../repos/repos2/openvenues/node-postal
orendv/learning_to_sample,../repos/repos2/orendv/learning_to_sample
otenim/AnomalyDetectionUsingAutoencoder,../repos/repos2/otenim/AnomalyDetectionUsingAutoencoder
oupirum/sp2cp,../repos/repos2/oupirum/sp2cp
Papich23691/S.S-Similarity,../repos/repos2/Papich23691/S.S-Similarity
parulnith/Face-Detection-in-Python-using-OpenCV,../repos/repos2/parulnith/Face-Detection-in-Python-using-OpenCV
paulfitz/mlsql,../repos/repos2/paulfitz/mlsql
peterwhycs/T-BEAR,../repos/repos2/peterwhycs/T-BEAR
PhantomInsights/comments-generator,../repos/repos2/PhantomInsights/comments-generator
philgooch/abbreviation-extraction,../repos/repos2/philgooch/abbreviation-extraction
philipperemy/Stanford-OpenIE-Python,../repos/repos2/philipperemy/Stanford-OpenIE-Python
phillipi/pix2pix,../repos/repos2/phillipi/pix2pix
Picovoice/Porcupine,../repos/repos2/Picovoice/Porcupine
policeme/chinese-bert-similarity,../repos/repos2/policeme/chinese-bert-similarity
policeme/transformer-pointer-generator,../repos/repos2/policeme/transformer-pointer-generator
polo8214/Brain-tumor-segmentation-using-deep-learning,../repos/repos2/polo8214/Brain-tumor-segmentation-using-deep-learning
PPPLDeepLearning/plasma-python,../repos/repos2/PPPLDeepLearning/plasma-python
PratikBarhate/question-classification,../repos/repos2/PratikBarhate/question-classification
preritj/segmentation,../repos/repos2/preritj/segmentation
PurduePAML/TrojanNN,../repos/repos2/PurduePAML/TrojanNN
pycroscopy/pycroscopy,../repos/repos2/pycroscopy/pycroscopy
pytorch/examples,../repos/repos2/pytorch/examples
quanteda/spacyr,../repos/repos2/quanteda/spacyr
quark0/darts,../repos/repos2/quark0/darts
qubvel/efficientnet,../repos/repos2/qubvel/efficientnet
r9y9/nnsvs,../repos/repos2/r9y9/nnsvs
rafellerc/Pytorch-SiamFC,../repos/repos2/rafellerc/Pytorch-SiamFC
ranjiewwen/TF_EnhanceDPED,../repos/repos2/ranjiewwen/TF_EnhanceDPED
Ranlot/single-parameter-fit,../repos/repos2/Ranlot/single-parameter-fit
raphaelauv/Paris-Traffic-Prediction,../repos/repos2/raphaelauv/Paris-Traffic-Prediction
RBirkeland/MVCNN-PyTorch,../repos/repos2/RBirkeland/MVCNN-PyTorch
renjunxiang/Text-Classification,../repos/repos2/renjunxiang/Text-Classification
richemslie/galvanise_zero,../repos/repos2/richemslie/galvanise_zero
rieck/sally,../repos/repos2/rieck/sally
roclark/basketball-predictor,../repos/repos2/roclark/basketball-predictor
rouyang2017/SISSO,../repos/repos2/rouyang2017/SISSO
rwightman/pytorch-image-models,../repos/repos2/rwightman/pytorch-image-models
sakuranew/BERT-AttributeExtraction,../repos/repos2/sakuranew/BERT-AttributeExtraction
SaltieRL/Saltie,../repos/repos2/SaltieRL/Saltie
santhoshkolloju/Abstractive-Summarization-With-Transfer-Learning,../repos/repos2/santhoshkolloju/Abstractive-Summarization-With-Transfer-Learning
scvae/scvae,../repos/repos2/scvae/scvae
secsilm/bifrost,../repos/repos2/secsilm/bifrost
shehzaadzd/MINERVA,../repos/repos2/shehzaadzd/MINERVA
shibing624/pycorrector,../repos/repos2/shibing624/pycorrector
shirosaidev/airbnbbot,../repos/repos2/shirosaidev/airbnbbot
silversparro/wav2letter.pytorch,../repos/repos2/silversparro/wav2letter.pytorch
sipeed/MaixPy_scripts,../repos/repos2/sipeed/MaixPy_scripts
slanglab/freq-e,../repos/repos2/slanglab/freq-e
slundberg/shap,../repos/repos2/slundberg/shap
sniklaus/pytorch-spynet,../repos/repos2/sniklaus/pytorch-spynet
sonoisa/code2vec,../repos/repos2/sonoisa/code2vec
sshuair/dl-docker-geospatial,../repos/repos2/sshuair/dl-docker-geospatial
stephen-song/Speech-Transformer-tf2.0,../repos/repos2/stephen-song/Speech-Transformer-tf2.0
stevezheng23/reading_comprehension_tf,../repos/repos2/stevezheng23/reading_comprehension_tf
stevezheng23/sequence_labeling_tf,../repos/repos2/stevezheng23/sequence_labeling_tf
Stick-To/CenterNet-tensorflow,../repos/repos2/Stick-To/CenterNet-tensorflow
strattadb/margaret,../repos/repos2/strattadb/margaret
svip-lab/PlanarReconstruction,../repos/repos2/svip-lab/PlanarReconstruction
tahaemara/yolo-custom-object-detector,../repos/repos2/tahaemara/yolo-custom-object-detector
tangkk/tangkk-mirex-ace,../repos/repos2/tangkk/tangkk-mirex-ace
tbepler/topaz,../repos/repos2/tbepler/topaz
ternaus/angiodysplasia-segmentation,../repos/repos2/ternaus/angiodysplasia-segmentation
tesseract-ocr/tesseract,../repos/repos2/tesseract-ocr/tesseract
TetsumichiUmada/text2emoji,../repos/repos2/TetsumichiUmada/text2emoji
tfunck/minc_keras,../repos/repos2/tfunck/minc_keras
Tian312/EliIE,../repos/repos2/Tian312/EliIE
titipata/detecting-scientific-claim,../repos/repos2/titipata/detecting-scientific-claim
titu1994/DenseNet,../repos/repos2/titu1994/DenseNet
tqtg/hierarchical-attention-networks,../repos/repos2/tqtg/hierarchical-attention-networks
trevor-m/tensorflow-bicubic-downsample,../repos/repos2/trevor-m/tensorflow-bicubic-downsample
tue-robotics/image_recognition,../repos/repos2/tue-robotics/image_recognition
UGentBiomath/wwdata,../repos/repos2/UGentBiomath/wwdata
undertheseanlp/automatic_speech_recognition,../repos/repos2/undertheseanlp/automatic_speech_recognition
undertheseanlp/chatbot,../repos/repos2/undertheseanlp/chatbot
veaba/ncov,../repos/repos2/veaba/ncov
vivek3141/streamer-ai,../repos/repos2/vivek3141/streamer-ai
Waikato/weka-3.8,../repos/repos2/Waikato/weka-3.8
wkentaro/chainer-mask-rcnn,../repos/repos2/wkentaro/chainer-mask-rcnn
WLM1ke/poptimizer,../repos/repos2/WLM1ke/poptimizer
wotchin/SmooFaceEngine,../repos/repos2/wotchin/SmooFaceEngine
wouterdewinter/deep-hive,../repos/repos2/wouterdewinter/deep-hive
wuhao5688/RNN-TrajModel,../repos/repos2/wuhao5688/RNN-TrajModel
wuhuikai/GP-GAN,../repos/repos2/wuhuikai/GP-GAN
wvangansbeke/LaneDetection_End2End,../repos/repos2/wvangansbeke/LaneDetection_End2End
X-DataInitiative/tick,../repos/repos2/X-DataInitiative/tick
xiadingZ/video-caption.pytorch,../repos/repos2/xiadingZ/video-caption.pytorch
yassineAlouini/kaggle-tools,../repos/repos2/yassineAlouini/kaggle-tools
Yochengliu/MLIC-KD-WSD,../repos/repos2/Yochengliu/MLIC-KD-WSD
yoonholee/MT-net,../repos/repos2/yoonholee/MT-net
yselivonchyk/Tensorflow_WhatWhereAutoencoder,../repos/repos2/yselivonchyk/Tensorflow_WhatWhereAutoencoder
YU1ut/MixMatch-pytorch,../repos/repos2/YU1ut/MixMatch-pytorch
yu4u/noise2noise,../repos/repos2/yu4u/noise2noise
yuanming-hu/exposure,../repos/repos2/yuanming-hu/exposure
yuewang-cuhk/HashtagGeneration,../repos/repos2/yuewang-cuhk/HashtagGeneration
yuhaozhang/summarize-radiology-findings,../repos/repos2/yuhaozhang/summarize-radiology-findings
yuhaozhang/tacred-relation,../repos/repos2/yuhaozhang/tacred-relation
YuliangXiu/MobilePose-pytorch,../repos/repos2/YuliangXiu/MobilePose-pytorch
yusugomori/deeplearning-tf2,../repos/repos2/yusugomori/deeplearning-tf2
yuzcccc/vqa-mfb,../repos/repos2/yuzcccc/vqa-mfb
yysijie/st-gcn,../repos/repos2/yysijie/st-gcn
yzou2/cbst,../repos/repos2/yzou2/cbst
zafarrafii/Z,../repos/repos2/zafarrafii/Z
zappybiby/EuroTruckAutopilot,../repos/repos2/zappybiby/EuroTruckAutopilot
zhou13/lcnn,../repos/repos2/zhou13/lcnn
ziqizhang/chase,../repos/repos2/ziqizhang/chase
ZQPei/deep_sort_pytorch,../repos/repos2/ZQPei/deep_sort_pytorch
zsdonghao/im2txt2im,../repos/repos2/zsdonghao/im2txt2im
